<?xml version="1.0" encoding="UTF-8" ?>
<module>
	<name>easypay</name>
	<displayName><![CDATA[EasyPay]]></displayName>
	<version><![CDATA[1.0]]></version>
	<description><![CDATA[Приём платежей через систему EasyPay]]></description>
	<author><![CDATA[EasyPay]]></author>
	<tab><![CDATA[payments_gateways]]></tab>
	<confirmUninstall><![CDATA[Вы уверены, что хотите удалить модуль EasyPay?]]></confirmUninstall>
	<is_configurable>1</is_configurable>
	<need_instance>1</need_instance>
	<limited_countries></limited_countries>
</module>